protein_id	organism	gene_name	type	regulatory_specificity	length	molecular_weight	instability_index	aliphatic_index	gravy	hydrophobic_percent	charged_percent	aromatic_percent	polar_percent	small_percent	proline_percent	cysteine_percent	positive_charge_percent	negative_charge_percent	net_charge	flexibility	predicted_stability
sp|O53512|AROG_MYCTU	Mycobacterium tuberculosis H37Rv	aroG	Type_II	Unknown	462	50640.86520000009	38.3530303030303	90.0	-0.21212121212121235	40.25974025974026	22.07792207792208	5.627705627705628	18.181818181818183	23.160173160173166	6.0606060606060606	1.0822510822510822	9.30735930735931	12.770562770562771	-3.4632034632034614	12.987012987012985	Stable
tr|Q7DC82|Q7DC82_PSEAE	Pseudomonas aeruginosa PAO1	aroH	Type_II	Unknown	405	44327.11020000009	41.51135802469134	92.81481481481481	-0.25901234567901277	40.49382716049383	24.44444444444444	4.197530864197531	14.320987654320987	25.92592592592593	5.925925925925926	1.9753086419753085	12.098765432098766	12.345679012345679	-0.2469135802469129	13.82716049382716	Unstable
tr|Q9I000|Q9I000_PSEAE	Pseudomonas aeruginosa PAO1	aroA	Type_II	Unknown	448	49850.72090000007	40.79486607142857	82.38839285714286	-0.3426339285714289	38.39285714285715	23.660714285714285	7.8125	18.973214285714285	24.330357142857146	4.464285714285714	1.3392857142857142	10.714285714285714	12.94642857142857	-2.232142857142856	12.5	Unstable
sp|P29976|AROF_ARATH	Arabidopsis thaliana	DHS1	Type_II	Plastid-targeted	525	57978.15540000009	43.73163809523813	81.77142857142857	-0.3121904761904765	36.76190476190476	22.666666666666664	7.238095238095238	22.476190476190474	24.0	4.571428571428571	1.714285714285714	11.619047619047617	11.047619047619047	0.5714285714285694	11.428571428571427	Unstable
sp|Q00218|AROG_ARATH	Arabidopsis thaliana	DHS2	Type_II	Plastid-targeted	507	56148.38820000006	39.71617357001972	79.27021696252466	-0.31656804733727834	37.08086785009862	22.090729783037478	7.889546351084813	21.696252465483234	24.063116370808675	5.522682445759369	0.9861932938856016	11.6370808678501	10.453648915187378	1.1834319526627226	13.41222879684418	Stable
tr|Q9SK84|Q9SK84_ARATH	Arabidopsis thaliana	DHS3	Type_II	Plastid-targeted	527	58325.91860000011	38.833776091081575	79.6584440227704	-0.31499051233396597	37.9506641366224	23.14990512333966	7.210626185958254	20.872865275142317	23.908918406072104	5.1233396584440225	1.3282732447817838	11.954459203036052	11.195445920303607	0.759013282732445	12.523719165085389	Stable
