cat_position	act_position	correlation	p_value
91	280	0.9999999999999999	3.421138828918048e-48
171	280	-0.9999999999999999	3.421138828918048e-48
21	330	0.8252579334125865	0.0116521774096696
41	295	-0.8126360553720012	0.02631021986368037
191	295	-0.8126360553720012	0.02631021986368037
251	290	0.8121361275222276	0.014327901214114116
221	295	-0.8050764858994133	0.028919376166581492
201	305	-0.7977240352174657	0.031590357432456
1	340	0.790909090909091	0.0341843193404346
231	305	-0.7882528229627712	0.02012543562656519
151	300	0.7774615613948253	0.023158241875533808
241	345	-0.7734979318866414	0.02433922195376195
231	345	0.7716774657271723	0.024893883959123324
151	270	0.7649281001377218	0.02701827402875387
101	280	0.7559289460184544	0.03001974528754441
181	335	0.7559289460184544	0.03001974528754441
241	330	-0.7516833018990199	0.03150385992179005
